Link,Date,DateTime
https://www.techradar.com/computing/artificial-intelligence/a-new-ai-feature-can-control-your-computer-to-follow-your-orders,2024Oct24,2024-10-24 03:17:08
https://www.techradar.com/phones/android/its-not-as-simple-as-real-image-and-fake-image-qualcomm-weighs-in-on-ai-photo-editing-debate,2024Oct24,2024-10-24 03:23:07
https://www.theverge.com/2024/10/23/24277962/character-ai-google-wrongful-death-lawsuit,2024Oct24,2024-10-24 03:30:37
https://venturebeat.com/ai/nvidia-ceo-notes-indias-progress-with-sovereign-ai-with-more-than-100k-ai-developers-trained/,2024Oct24,2024-10-24 06:14:51
https://www.techradar.com/pro/liquid-web-launches-new-gpu-hosting-service-for-ai-and-hpc-and-users-can-access-a-range-of-nvidia-gpus-including-h100s,2024Oct24,2024-10-24 06:20:36
https://techcrunch.com/2024/10/24/raspberry-pi-releases-more-ai-focused-add-ons/,2024Oct24,2024-10-24 07:15:34
https://techcrunch.com/2024/10/23/nvidia-deepens-india-ai-drive-with-new-partnerships/,2024Oct24,2024-10-24 07:21:31
https://www.techradar.com/pro/negating-ai-cyberattacks-with-defense-in-depth,2024Oct24,2024-10-24 09:11:28
https://www.pcmag.com/news/google-open-sources-ai-detection-invisible-watermarking-tool-synth-id,2024Oct24,2024-10-24 11:09:46
